Large,Lender,40.0644936,2.083291262,12.21212864,10.69302127,1.618886687,0,6.307326522,1.747487493,5.735266947,5.735266947,0,0,11.00132027
Large,Lender,38.07171411,1.979669832,11.60470603,10.16115798,1.538364412,0,5.993604576,1.660568705,5.449998838,5.449998838,0,0,10.45412241
Large,Borrower,26.96572759,1.402175832,8.219470775,0,1.089604622,0,4.24519652,1.176160422,3.860167252,3.860167252,10.66470614,0,7.404526526
Large,Lender,44.46440341,2.312079719,13.55327288,11.8673361,1.796673919,0,7.000001391,1.939397753,6.365117846,6.365117846,0,0,12.20949271
Large,Lender,27.37309452,1.423358278,8.343641005,7.305747698,1.106065104,0,4.309328025,1.193928489,3.91848218,3.91848218,0,0,7.516385523
Small,Lender,6.12103463,0.636568533,2.02124359,0.32673496,0.494665505,0,2.423352224,0.80094097,1.001407322,1.001407322,0,0,2.833116032
Small,Borrower,11.14101665,1.158631024,3.678905584,0,0.900350505,0,4.410791491,1.457808561,1.822681347,1.822681347,0.881234658,0,5.156610733
Large,Lender,41.59469139,2.162859163,12.67855092,11.10142372,1.680717416,0,6.54822454,1.814229919,5.954316085,5.954316085,0,0,11.4214977
Large,Lender,31.81941409,1.65455997,9.698931482,8.492449077,1.285727617,0,5.009309152,1.387862997,4.554976677,4.554976677,0,0,8.737301633
Large,Lender,37.22422452,1.935601694,11.34638124,9.93496707,1.504119885,0,5.860184855,1.623603869,5.32867997,5.32867997,0,0,10.22141001
Large,Bidirectional,23.77068912,1.236038809,7.24558549,4.699819718,0.960502647,0,3.742203744,1.03680287,3.402794729,3.402794729,0.439826927,0,6.527200038
Large,Lender,32.63709856,1.697078289,9.948171319,8.71068514,1.318767807,0,5.138036672,1.423527828,4.672028916,4.672028916,0,0,8.961829834
Large,Lender,35.07015478,1.823593422,10.68979546,9.360056181,1.417080352,0,5.521071091,1.529650105,5.020323021,5.020323021,0,0,9.629923408
Large,Borrower,42.01461912,2.184694751,12.80654983,0,1.697685443,0,6.614333483,1.832545849,6.014429104,6.014429104,16.61640929,0,11.53680577
Large,Borrower,35.21440032,1.831093966,10.73376319,0,1.422908884,0,5.54377957,1.535941643,5.040971894,5.040971894,13.92698305,0,9.66953183
Medium,Borrower,15.16775026,1.183049082,5.393860021,0,0.612883548,0,5.275953641,1.323139343,2.481458951,2.481458951,2.39948429,0,6.482208725
Large,Borrower,27.34966282,1.422139866,8.336498747,0,1.105118299,0,4.305639188,1.192906472,3.915127912,3.915127912,10.81654912,0,7.509951406
Large,Borrower,25.4832254,1.325088027,7.76758668,0,1.02970113,0,4.011807189,1.111498329,3.647945779,3.647945779,10.07838967,0,6.997445843
Small,Lender,6.403874466,0.665982995,2.114640906,0.341832679,0.517522933,0,2.535330114,0.837950729,1.047680199,1.047680199,0,0,2.964028226
Small,Borrower,10.96772532,1.140609266,3.62168258,0,0.886346134,0,4.342184474,1.435133289,1.794330715,1.794330715,0.867527621,0,5.076402979
Large,Borrower,23.70075848,1.232402524,7.224269809,0,0.957676959,0,3.73119461,1.033752715,3.392784097,3.392784097,9.373439809,0,6.507997765
Large,Borrower,38.61303592,2.007817724,11.76970728,0,1.560237612,0,6.078824508,1.684179464,5.527489524,5.527489524,15.2711133,0,10.60276411
Medium,Bidirectional,13.39679325,1.044918573,4.764083421,0.578851938,0.541324457,0,4.65994356,1.168652168,2.191728632,2.191728632,0.321504059,0,5.725358647
Large,Borrower,39.31432758,2.044283797,11.98346922,0,1.588574716,0,6.189228386,1.714767605,5.627880031,5.627880031,15.54846793,0,10.79533198
Large,Borrower,30.65668848,1.59410005,9.344519047,0,1.238745343,0,4.826262034,1.337148555,4.3885315,4.3885315,12.12444844,0,8.41802849
Small,Lender,6.595955529,0.685958827,2.178068519,0.352085782,0.533045779,0,2.611376093,0.863084648,1.079104851,1.079104851,0,0,3.052932794
Large,Borrower,28.29407083,1.471247611,8.62436541,0,1.14327901,0,4.454316711,1.234098586,4.050320736,4.050320736,11.19005411,0,7.769276659
Medium,Lender,16.80561654,1.310798825,5.976307735,1.794135395,0.679064839,0,5.845669414,1.466016519,2.749415495,2.749415495,0,0,7.182180106
Large,Lender,30.56998611,1.589591661,9.318091144,8.158982738,1.235241958,0,4.812612537,1.333366869,4.37611998,4.37611998,0,0,8.394220861
Medium,Borrower,9.675092583,0.754634616,3.440595619,0,0.390941634,0,3.365386367,0.843994358,1.58285472,1.58285472,1.530565328,0,4.134823456
Large,Borrower,25.81381947,1.342278404,7.868355638,0,1.04305945,0,4.063852392,1.125917804,3.695270606,3.695270606,10.20913669,0,7.088223759
Large,Lender,45.30247296,2.35565803,13.80872633,12.09101285,1.83053781,0,7.131938122,1.975951717,6.485088228,6.485088228,0,0,12.43961846
Small,Borrower,6.520629142,0.678125117,2.153194786,0,0.526958349,0,2.58155395,0.853228147,1.06678138,1.06678138,0.515770201,0,3.018068035
Large,Borrower,40.21128189,2.090924024,12.25687144,0,1.624817964,0,6.330435305,1.753889938,5.756279817,5.756279817,15.9032054,0,11.04162691
Small,Borrower,10.90748133,1.134344079,3.601789249,0,0.881477574,0,4.31833354,1.427250328,1.784474739,1.784474739,0.862762429,0,5.048519098
Large,Bidirectional,30.38081091,1.579754845,9.260428319,2.17191807,1.227597953,0,4.782830811,1.32511564,4.349039386,4.349039386,5.633719239,0,8.342275191
Large,Lender,50.20608513,2.610638225,15.30340496,13.39976343,2.028678152,0,7.903910517,2.189831893,7.187044555,7.187044555,0,0,13.78610267
Large,Lender,32.25281655,1.677096223,9.831037644,8.608122114,1.303240117,0,5.077539411,1.406766652,4.617018614,4.617018614,0,0,8.856309731
Medium,Bidirectional,15.0251776,1.171928747,5.343159227,0.29387988,0.607122611,0,5.226361134,1.310702199,2.458133922,2.458133922,1.712905471,0,6.421277753
Medium,Lender,15.64478201,1.220256444,5.563499054,1.670206926,0.632158978,0,5.441884471,1.3647526,2.559501817,2.559501817,0,0,6.686076755
Medium,Lender,15.88689041,1.239140333,5.649596121,1.696053955,0.641941856,0,5.52609951,1.385872617,2.599110991,2.599110991,0,0,6.789546098
Large,Lender,31.05295079,1.614705073,9.465304458,8.287883697,1.254757121,0,4.888645346,1.354432273,4.445256792,4.445256792,0,0,8.526838266
Large,Bidirectional,38.94650332,2.025157509,11.87135206,1.01184684,1.573712034,0,6.131322058,1.698724265,5.57522567,5.57522567,14.46926428,0,10.69433102
Medium,Lender,11.7070536,0.913122828,4.163188824,1.249822592,0.473047118,0,4.07218414,1.021249885,1.915285553,1.915285553,0,0,5.003218254
Large,Lender,41.04712836,2.134386739,12.51164727,10.95528178,1.658592027,0,6.462022059,1.790346938,5.875931965,5.875931965,0,0,11.27114222
Small,Lender,9.258352983,0.962839868,3.057226065,0.494202005,0.748204859,0,3.665434301,1.211460917,1.514675709,1.514675709,0,0,4.285221347
Medium,Lender,16.72190266,1.304269338,5.946537932,1.785198262,0.675682211,0,5.81655036,1.458713846,2.735719822,2.735719822,0,0,7.146403487
Large,Borrower,30.77960749,1.600491647,9.381986206,0,1.243712133,0,4.845613092,1.342509896,4.406127462,4.406127462,12.17306182,0,8.451780854
Medium,Borrower,16.95425457,1.322392244,6.029165455,0,0.685070858,0,5.897371698,1.478982768,2.773732823,2.773732823,2.682102934,0,7.245703218
Large,Lender,36.42873919,1.894237696,11.10390796,9.722655848,1.471976696,0,5.73495213,1.588907294,5.214805556,5.214805556,0,0,10.00297747
Large,Borrower,30.37375265,1.579387827,9.258276877,0,1.227312749,0,4.781719634,1.324807781,4.348028989,4.348028989,12.01254983,0,8.34033706
Large,Borrower,39.28778369,2.042903557,11.97537833,0,1.587502156,0,6.1850496,1.713609844,5.624080252,5.624080252,15.53797006,0,10.78804329
Large,Borrower,37.81560039,1.966352318,11.52663955,0,1.52801562,0,5.953284764,1.649397828,5.413335937,5.413335937,14.95573462,0,10.38379607
Medium,Borrower,16.60778074,1.295368095,5.905954611,0,0.671070884,0,5.776854165,1.448758565,2.717049363,2.717049363,2.627292004,0,7.097631446
Large,Lender,34.67417877,1.803003287,10.56909731,9.254372082,1.401080142,0,5.458732851,1.512378874,4.963638712,4.963638712,0,0,9.521192247
Large,Borrower,17.15528082,0.892047881,5.22913127,0,0.693193729,0,2.700744425,0.748259518,2.455793303,2.455793303,6.784761436,0,4.71067326
Small,Borrower,6.939120439,0.721646909,2.291385943,0,0.56077832,0,2.747237021,0.907987978,1.13524697,1.13524697,0.54887212,0,3.211766401
Large,Lender,24.41847212,1.269722515,7.443037362,6.517173143,0.986677626,0,3.844183789,1.065057131,3.495525425,3.495525425,0,0,6.705074948
Large,Lender,26.06772322,1.355481004,7.945748488,6.957350358,1.053318944,0,4.103824292,1.13699229,3.731617149,3.731617149,0,0,7.157943262
Large,Borrower,34.16023166,1.776278838,10.41244019,0,1.380313073,0,5.377822501,1.489962114,4.890066739,4.890066739,13.5100687,0,9.38006737
Large,Bidirectional,32.95014197,1.713356059,10.04359063,7.668947234,1.331416958,0,5.187318888,1.437181799,4.716841352,4.716841352,2.824499055,0,9.047788511
Medium,Lender,12.61243792,0.98374069,4.485155908,1.346479687,0.509630998,0,4.387113226,1.100229932,2.063407324,2.063407324,0,0,5.390150401
Small,Borrower,8.838876406,0.919215611,2.918709557,0,0.714305264,0,3.499361152,1.15657216,1.446048926,1.446048926,0.699139448,0,4.091066946
Large,Lender,36.99444489,1.923653511,11.2763417,9.873639986,1.494835176,0,5.8240108,1.613581602,5.295786816,5.295786816,0,0,10.15831476
Large,Lender,43.48418761,2.261110024,13.25449158,11.60572121,1.757066322,0,6.845686672,1.896643815,6.224799106,6.224799106,0,0,11.94033499
Medium,Borrower,17.73868221,1.383575767,6.308118682,0,0.716767239,0,6.170227183,1.547411312,2.902065961,2.902065961,2.806196604,0,7.580942367
Medium,Lender,15.7420506,1.227843167,5.598089101,1.680591135,0.636089312,0,5.475718401,1.373237701,2.575415056,2.575415056,0,0,6.727646225
Large,Lender,28.93902859,1.504784411,8.82095612,7.723687995,1.16933983,0,4.555851982,1.26222962,4.142646999,4.142646999,0,0,7.94637579
Large,Lender,39.63903494,2.061168074,12.08244384,10.57946839,1.601695172,0,6.24034685,1.728930321,5.674362172,5.674362172,0,0,10.88449346
Large,Lender,33.87076074,1.761226801,10.32420606,9.039943663,1.368616416,0,5.332251287,1.477336301,4.848628726,4.848628726,0,0,9.300581471
Medium,Lender,11.58727687,0.903780523,4.120594576,1.237035458,0.468207297,0,4.030520975,1.010801315,1.895689961,1.895689961,0,0,4.95202953
Large,Borrower,26.56039408,1.381099121,8.095920356,0,1.073226304,0,4.181385136,1.158481046,3.802143408,3.802143408,10.50440033,0,7.293225886
Large,Lender,34.37664794,1.787532147,10.47840642,9.174962531,1.389057809,0,5.411892772,1.499401513,4.921046917,4.921046917,0,0,9.439493176
Large,Lender,36.52851006,1.899425625,11.13431929,9.749284213,1.476008139,0,5.750658991,1.593258987,5.229087842,5.229087842,0,0,10.03037358
Medium,Borrower,16.03947207,1.251041346,5.703856253,0,0.648107226,0,5.57917355,1.399182883,2.624073502,2.624073502,2.537387588,0,6.854754595
Large,Lender,32.52448921,1.691222778,9.913846665,8.680630244,1.314217599,0,5.120308657,1.418616161,4.65590879,4.65590879,0,0,8.930908402
Large,Borrower,34.39482678,1.788477418,10.48394754,0,1.389792362,0,5.414754654,1.500194417,4.923649233,4.923649233,13.60284899,0,9.444484907
Large,Bidirectional,32.5126086,1.690605005,9.910225317,5.031533431,1.313737539,0,5.118438302,1.418097967,4.654208071,4.654208071,5.575784737,0,8.927646103
Large,Borrower,39.23285636,2.040047421,11.95863583,0,1.585282707,0,6.176402426,1.711214086,5.616217356,5.616217356,15.51624678,0,10.77296077
Large,Bidirectional,30.57021309,1.589603464,9.318160332,2.958392157,1.23525113,0,4.812648271,1.333376769,4.376152473,4.376152473,0.868888072,0,8.394283189
Large,Lender,24.65806533,1.282180989,7.516068191,6.581119424,0.996358873,0,3.881902789,1.075507436,3.529823401,3.529823401,0,0,6.770864914
Large,Lender,20.38442305,1.059958247,6.213411782,5.440504787,0.823673735,0,3.209106133,0.889104569,2.918047808,2.918047808,0,0,5.597364309
Small,Borrower,6.622894551,0.688760401,2.186964127,0,0.53522283,0,2.622041404,0.866609635,1.083512102,1.083512102,0.523859213,0,3.065401499
Small,Lender,8.855065418,0.920899218,2.924055375,0.472674902,0.715613564,0,3.505770473,1.158690502,1.448697464,1.448697464,0,0,4.098560017
Large,Borrower,34.34354326,1.785810755,10.46831572,0,1.387720147,0,5.406681123,1.497957591,4.916307952,4.916307952,13.58256681,0,9.430402951
Large,Lender,33.5970443,1.746993972,10.24077407,8.966890057,1.357556351,0,5.28916029,1.465397649,4.80944598,4.80944598,0,0,9.225421598
Large,Lender,40.85539082,2.124416686,12.45320342,10.90410795,1.650844485,0,6.431836946,1.781983948,5.84848457,5.84848457,0,0,11.21849296
Small,Lender,13.30480929,1.383658719,4.393417473,0.710197963,1.075215319,0,5.267449236,1.740942097,2.176679965,2.176679965,0,0,6.158120446
Medium,Borrower,19.61191692,1.529683698,6.974266638,0,0.792459067,0,6.821813565,1.710820552,3.208529014,3.208529014,3.102535691,0,8.381502647
Large,Bidirectional,27.55161016,1.432640813,8.398054671,5.813835658,1.113278389,0,4.337431624,1.201714782,3.944036849,3.944036849,5.633394494,0,7.565404182
Large,Lender,33.72845485,1.753827116,10.28082955,9.001962903,1.36286626,0,5.309848166,1.471129365,4.828257514,4.828257514,0,0,9.261505658
Medium,Lender,12.11576671,0.945001496,4.308532812,1.29345602,0.489561995,0,4.214351,1.056903452,1.982151422,1.982151422,0,0,5.177889095
Large,Lender,32.72303913,1.701547065,9.974367016,8.733622267,1.322240409,0,5.151566239,1.427276286,4.684331384,4.684331384,0,0,8.98542828
Large,Borrower,23.69506759,1.232106607,7.222535159,0,0.957447007,0,3.730298697,1.033504496,3.391969441,3.391969441,9.371189112,0,6.506435102
Medium,Lender,12.32351848,0.961205649,4.382412193,1.315635201,0.497956625,0,4.286615424,1.075026413,2.016139818,2.016139818,0,0,5.266675523
Small,Borrower,10.0417985,1.044315762,3.315929754,0,0.811518252,0,3.975604812,1.313975222,1.642848172,1.642848172,0.794288452,0,4.647838486
Large,Lender,39.9076999,2.075138234,12.16433608,10.65117378,1.612551121,0,6.282642595,1.740648644,5.712821793,5.712821793,0,0,10.95826625
Medium,Borrower,14.36317528,1.120294113,5.107742122,0,0.580373072,0,4.996090099,1.252953271,2.349829688,2.349829688,2.272203381,0,6.138359249
Large,Lender,34.46540014,1.792147123,10.50545913,9.198650067,1.392644021,0,5.425864971,1.503272606,4.93375187,4.93375187,0,0,9.463863666
Small,Lender,9.926843711,1.032360821,3.277970217,0.529885399,0.802228292,0,3.93009356,1.29893332,1.624041454,1.624041454,0,0,4.594631751
Large,Bidirectional,23.51916766,1.222960084,7.168918791,0.858810115,0.950339415,0,3.702606888,1.025832293,3.366789213,3.366789213,2.573558298,0,6.45813469
Large,Lender,39.34686883,2.045975891,11.99338818,10.50149066,1.58988961,0,6.194351333,1.716186952,5.63253834,5.63253834,0,0,10.80426749
Large,Lender,36.93607918,1.920618585,11.25855115,9.858062458,1.492476791,0,5.814822326,1.611035873,5.287431714,5.287431714,0,0,10.1422881
Small,Borrower,10.66104879,1.108715863,3.520414086,0,0.861562367,0,4.220769504,1.395004486,1.744158132,1.744158132,0.843270052,0,4.934457993
Large,Borrower,23.66671267,1.230632195,7.213892244,0,0.956301269,0,3.7258348,1.032267743,3.387910409,3.387910409,9.35997499,0,6.498649115
Medium,Borrower,11.86760867,0.925645749,4.220284411,0,0.479534669,0,4.128031653,1.035255702,1.941552522,1.941552522,1.877413597,0,5.07183433
Large,Lender,31.61039413,1.643691258,9.635219739,8.43666265,1.277281743,0,4.976403278,1.378746202,4.525055288,4.525055288,0,0,8.679906784
Large,Lender,31.79554635,1.653318885,9.691656314,8.486078891,1.284763192,0,5.005551669,1.386821961,4.551559989,4.551559989,0,0,8.730747784
Large,Borrower,28.20335609,1.466530587,8.596714493,0,1.139613498,0,4.440035551,1.230141894,4.037334844,4.037334844,11.15417724,0,7.744367276
Small,Borrower,7.162194738,0.744845941,2.365047917,0,0.578805854,0,2.835553398,0.937177381,1.171742146,1.171742146,0.566516901,0,3.315016163
Small,Lender,8.840993171,0.919435748,2.91940854,0.471923739,0.714476328,0,3.500199191,1.15684914,1.446395231,1.446395231,0,0,4.092046689
Large,Lender,31.95792901,1.66176253,9.741152457,8.529418045,1.291324591,0,5.031115463,1.393904583,4.574805208,4.574805208,0,0,8.775336483
Large,Borrower,23.49425213,1.221664516,7.161324245,0,0.949332653,0,3.698684453,1.024745556,3.363222534,3.363222534,9.291768377,0,6.451293128
Medium,Lender,14.85832541,1.158914666,5.2838243,1.586246328,0.600380612,0,5.168323231,1.296147061,2.430836739,2.430836739,0,0,6.349970493
Large,Lender,30.28220066,1.574627266,9.230370755,8.08217418,1.223613407,0,4.767306665,1.320814571,4.334923243,4.334923243,0,0,8.315197775
Medium,Borrower,14.55775852,1.135471152,5.176938594,0,0.588235601,0,5.063773979,1.269927493,2.381663699,2.381663699,2.302985761,0,6.221517871
Medium,Bidirectional,19.16323786,1.49468778,6.814710211,0.01201,0.774329284,0,6.665744941,1.671680607,3.135124676,3.135124676,2.714693123,0,8.189751646
Large,Lender,41.13882221,2.139154676,12.53959663,10.97975442,1.662297102,0,6.476457359,1.794346336,5.889058017,5.889058017,0,0,11.29632046
Small,Lender,5.802225421,0.603413368,1.915968728,0.30971723,0.468901246,0,2.297133855,0.759224598,0.94924982,0.94924982,0,0,2.685555442
Medium,Lender,13.98485405,1.090785941,4.973205906,1.492996201,0.56508624,0,4.864494759,1.219950902,2.287935961,2.287935961,0,0,5.976676922
Small,Lender,9.028581441,0.938944344,2.981352576,0.481937021,0.729636093,0,3.574466448,1.181395175,1.477084858,1.477084858,0,0,4.178871771
Large,Lender,34.57978574,1.798094996,10.54032521,9.229179036,1.397266002,0,5.44387262,1.508261747,4.950126268,4.950126268,0,0,9.49527284
Medium,Borrower,20.66964971,1.612184384,7.350410927,0,0.835198894,0,7.189735577,1.803090523,3.381575146,3.381575146,3.269865268,0,8.833543631
Medium,Lender,12.88054982,1.004652791,4.580500174,1.375102798,0.5204646,0,4.480373327,1.123618331,2.107270695,2.107270695,0,0,5.504732803
Large,Bidirectional,28.06390979,1.459279596,8.554209619,5.947714755,1.133978889,0,4.418082612,1.224059684,4.017372984,4.017372984,8.135434344,0,7.706076676
Medium,Lender,10.55059472,0.822921738,3.751936188,1.126361261,0.426318064,0,3.669921227,0.920367671,1.726087737,1.726087737,0,0,4.508984919
Large,Lender,27.59402865,1.434846509,8.410984324,7.364713958,1.114992394,0,4.344109537,1.203564943,3.950109092,3.950109092,0,0,7.577051886
Large,Lender,18.42181289,0.957905576,5.615185133,4.916693543,0.744370512,0,2.900133724,0.803501673,2.637098464,2.637098464,0,0,5.058450647
Small,Bidirectional,9.674123433,1.0060787,3.194518763,0.300318931,0.781804946,0,3.830040173,1.265864724,1.582696166,1.582696166,0.066260535,0,4.477660371
Medium,Lender,17.73867592,1.383575276,6.308116445,1.893747024,0.716766985,0,6.170224995,1.547410763,2.902064932,2.902064932,0,0,7.580939678
Large,Lender,31.39213785,1.632342271,9.568692659,8.378411095,1.268462658,0,4.942043337,1.369226548,4.493811713,4.493811713,0,0,8.619975732
Small,Lender,3.766833154,0.391738913,1.24385628,0.201069942,0.304412985,0,1.491310547,0.492892327,0.616257631,0.616257631,0,0,1.743475743
Large,Lender,40.51455546,2.106693777,12.34931279,10.81314062,1.637072344,0,6.378179461,1.767117779,5.799693692,5.799693692,0,0,11.12490288
Small,Bidirectional,9.204257817,0.957214139,3.039363152,0.044191644,0.74383321,0,3.644017718,1.204382532,1.505825686,1.505825686,0.632007693,0,4.260183442
Medium,Lender,8.426439793,0.657242616,2.996557561,0.899590553,0.340487299,0,2.931054701,0.735069725,1.378573888,1.378573888,0,0,3.601189406
Large,Borrower,24.3223599,1.26472483,7.413741228,0,0.982794018,0,3.829052907,1.060865018,3.481766878,3.481766878,9.619277656,0,6.678683468
Medium,Lender,17.48800688,1.364023677,6.218975098,1.866986079,0.706638197,0,6.083032222,1.52554397,2.86105523,2.86105523,0,0,7.473811794
Medium,Borrower,11.06011379,0.862663034,3.933128155,0,0.446906209,0,3.847152452,0.964814916,1.80944556,1.80944556,1.74967077,0,4.726736982
Large,Borrower,27.75277957,1.443101309,8.459373471,0,1.121407045,0,4.369101589,1.21048916,3.972834424,3.972834424,10.97597822,0,7.620643344
Medium,Lender,21.36273838,1.666243681,7.596882761,2.280644983,0.86320454,0,7.430819691,1.863551228,3.494965137,3.494965137,0,0,9.129747438
Large,Borrower,36.46516168,1.896131608,11.11500996,0,1.47344842,0,5.740686098,1.590495929,5.220019466,5.220019466,14.42164808,0,10.01297874
Large,Lender,27.11122676,1.409741562,8.263820633,7.235856448,1.095483809,0,4.268102358,1.182506639,3.880995584,3.880995584,0,0,7.444479183
Large,Lender,36.06634437,1.87539373,10.99344576,9.625934407,1.457333402,0,5.677900554,1.573100769,5.162928423,5.162928423,0,0,9.903467381
Large,Lender,26.81466034,1.394320571,8.173423703,7.156704293,1.083500445,0,4.221414105,1.169571343,3.838541844,3.838541844,0,0,7.363044929
Medium,Borrower,9.20155124,0.717699498,3.272197822,0,0.37180724,0,3.20066964,0.802685583,1.505382888,1.505382888,1.455652768,0,3.932447113
Large,Lender,33.51764134,1.742865142,10.21657111,8.945697788,1.354347915,0,5.276659936,1.461934341,4.798079378,4.798079378,0,0,9.203618319
Large,Bidirectional,35.06419618,1.823283585,10.68797921,4.431719673,1.416839583,0,5.520133033,1.52939021,5.019470043,5.019470043,11.55013453,0,9.628287236
Large,Borrower,39.31920257,2.044537289,11.98495517,0,1.588771699,0,6.189995852,1.714980237,5.62857789,5.62857789,15.55039594,0,10.7966706
Large,Borrower,35.47858501,1.844831159,10.8142898,0,1.433583799,0,5.585369991,1.547464551,5.078790163,5.078790163,14.03146576,0,9.742074379
Large,Lender,39.27372811,2.042172688,11.97109403,10.48196975,1.586934212,0,6.182836838,1.712996784,5.622068182,5.622068182,0,0,10.78418376
Medium,Lender,17.48265649,1.363606359,6.217072428,1.866414882,0.706422004,0,6.081171143,1.525077236,2.860179902,2.860179902,0,0,7.47152521
Large,Borrower,26.93999095,1.400837567,8.211625945,0,1.088564681,0,4.241144819,1.175037871,3.856483029,3.856483029,10.65452752,0,7.397459495
Medium,Lender,13.72353774,1.07040388,4.880278242,1.465098572,0.554527227,0,4.773598435,1.197155307,2.245184354,2.245184354,0,0,5.864998734
Medium,Lender,10.72632495,0.836628285,3.814428266,1.145121882,0.433418798,0,3.731047268,0.935697273,1.754837376,1.754837376,0,0,4.584086366
Large,Lender,39.93689873,2.076656528,12.17323623,10.65896681,1.613730959,0,6.287239348,1.741922206,5.717001632,5.717001632,0,0,10.96628396
Large,Borrower,21.7633196,1.13165872,6.633715662,0,0.879390832,0,3.426184899,0.94924771,3.115438044,3.115438044,8.607199912,0,5.975995891
Large,Lender,33.18969295,1.725812336,10.11660859,8.858169934,1.341096498,0,5.225031239,1.447630261,4.751133282,4.751133282,0,0,9.113566879
Small,Borrower,11.22820643,1.167698491,3.707696762,0,0.907396664,0,4.445310421,1.469217396,1.836945683,1.836945683,0.888131215,0,5.196966458
Small,Lender,7.729422646,0.803835876,2.552353796,0.41258917,0.62464583,0,3.060122134,1.011399485,1.264541193,1.264541193,0,0,3.577557151
Large,Borrower,34.86102745,1.812719127,10.62605099,0,1.40863014,0,5.488148316,1.520528628,4.990386263,4.990386263,13.78722722,0,9.572499079
Large,Lender,35.23524144,1.832177672,10.74011581,9.404117019,1.423751011,0,5.547060574,1.536850667,5.043955319,5.043955319,0,0,9.675254599
Small,Lender,10.82780073,1.126057545,3.575477699,0.577977621,0.875038263,0,4.286787539,1.416824075,1.771438914,1.771438914,0,0,5.011638995
Large,Bidirectional,46.04489263,2.394262696,14.03502457,9.375671441,1.860536774,0,7.248816756,2.008333733,6.591366246,6.591366246,14.35941052,0,12.64347968
Small,Borrower,7.742664558,0.805212994,2.556726444,0,0.625715962,0,3.065364682,1.013132197,1.266707583,1.266707583,0.612431035,0,3.58368616
Large,Borrower,35.42868182,1.84223627,10.79907872,0,1.43156736,0,5.577513765,1.54528793,5.071646478,5.071646478,14.01172949,0,9.728371448
Medium,Lender,12.17368824,0.94951924,4.329130503,1.299639612,0.491902432,0,4.234498439,1.061956163,1.991627442,1.991627442,0,0,5.202642895
Large,Lender,32.08237502,1.668233529,9.779085063,8.562632087,1.296353083,0,5.050706915,1.399332528,4.592619761,4.592619761,0,0,8.809508146
Medium,Lender,15.83630859,1.23519507,5.631608534,1.690653937,0.639897996,0,5.508505121,1.381460177,2.590835756,2.590835756,0,0,6.767929058
Large,Lender,39.30191226,2.04363822,11.97968488,10.48949196,1.588073049,0,6.18727385,1.714226088,5.626102767,5.626102767,0,0,10.79192285
Large,Lender,38.7479891,2.014835079,11.8108426,10.34165253,1.565690667,0,6.100070097,1.690065698,5.546808188,5.546808188,0,0,10.63982094
Medium,Lender,13.01447428,1.015098586,4.628125549,1.389400317,0.525876088,0,4.526957641,1.13530106,2.129180869,2.129180869,0,0,5.56196781
Medium,Lender,18.7266204,1.460632637,6.659443052,1.999218083,0.756686875,0,6.513871824,1.633592839,3.063693627,3.063693627,0,0,8.003155381
Medium,Borrower,12.04999796,0.939871687,4.285144541,0,0.486904476,0,4.191473982,1.051166199,1.971391589,1.971391589,1.906266934,0,5.149781645
Large,Borrower,23.4305123,1.218350144,7.141895597,0,0.946757117,0,3.688649935,1.021965425,3.354098123,3.354098123,9.266559842,0,6.433790793
Large,Lender,36.99702471,1.923787657,11.27712806,9.874328527,1.494939418,0,5.824416939,1.613694125,5.296156119,5.296156119,0,0,10.15902315
Medium,Lender,16.34558801,1.274917674,5.81271528,1.745023631,0.660476458,0,5.685652987,1.425886517,2.674154373,2.674154373,0,0,6.985578704
Large,Lender,26.76961818,1.391978448,8.159694321,7.144682756,1.081680425,0,4.214323147,1.167606745,3.83209402,3.83209402,0,0,7.350676789
Small,Lender,12.21588662,1.270414153,4.033841337,0.652072315,0.987215084,0,4.836338591,1.598455927,1.998531138,1.998531138,0,0,5.654113449
Medium,Lender,8.333870462,0.650022425,2.963638637,0.889708029,0.336746848,0,2.898855364,0.726994558,1.363429454,1.363429454,0,0,3.56162825
Medium,Lender,12.95057729,1.010114771,4.605402905,1.382578797,0.523294201,0,4.5047317,1.129727088,2.11872726,2.11872726,0,0,5.534660294
Large,Lender,21.14213836,1.099358263,6.444372317,5.642735371,0.854290751,0,3.32839275,0.922153734,3.026515411,3.026515411,0,0,5.805425564
Small,Lender,8.134845551,0.845998595,2.686229603,0.434230256,0.65740969,0,3.220631355,1.06444931,1.330868782,1.330868782,0,0,3.765206822
Medium,Borrower,13.31482997,1.038525628,4.734936152,0,0.538012565,0,4.631433431,1.161502205,2.178319357,2.178319357,2.106358872,0,5.690330174
Large,Lender,35.5956293,1.850917279,10.84996627,9.500302812,1.43831321,0,5.603796195,1.552569655,5.095545154,5.095545154,0,0,9.774213601
Large,Borrower,33.08671907,1.720457855,10.08522094,0,1.336935631,0,5.20882013,1.443138864,4.736392482,4.736392482,13.08550399,0,9.085291254
Small,Lender,9.453018715,0.983084498,3.121507169,0.504593075,0.763936582,0,3.742503564,1.236933042,1.546523215,1.546523215,0,0,4.375322227
Large,Bidirectional,26.70563226,1.38865128,8.140190663,4.583010817,1.079094946,0,4.204249887,1.16481588,3.822934381,3.822934381,7.044292384,0,7.333106879
Medium,Lender,14.33627219,1.118195735,5.098175017,1.530512928,0.579285999,0,4.986732124,1.250606415,2.345428317,2.345428317,0,0,6.126861736
Medium,Bidirectional,11.159949,0.870449948,3.968630927,0.660288453,0.450940253,0,3.881879156,0.973523914,1.8257787,1.8257787,1.624070798,0,4.769403343
Large,Borrower,28.65491837,1.490011122,8.734355983,0,1.157859783,0,4.511124699,1.249837624,4.101976375,4.101976375,11.33276611,0,7.868361885
Large,Bidirectional,42.35907275,2.202605804,12.91154334,1.837875934,1.711603787,0,6.66856059,1.847569836,6.06373794,6.06373794,7.148712177,0,11.63138939
Large,Lender,37.8349071,1.967356237,11.53252447,10.09795532,1.528795747,0,5.956324206,1.650239926,5.416099709,5.416099709,0,0,10.3890975
Large,Borrower,32.73563962,1.70220227,9.978207793,0,1.322749557,0,5.153549926,1.42782588,4.686135154,4.686135154,12.94665518,0,8.988888251
Medium,Borrower,15.13742176,1.18068353,5.383074791,0,0.611658063,0,5.265404169,1.320493675,2.476497178,2.476497178,2.394686429,0,6.469247299
Large,Borrower,39.5916868,2.058706045,12.06801157,0,1.599781974,0,6.232892863,1.726865144,5.667584244,5.667584244,15.65816104,0,10.87149212
Small,Borrower,7.466769055,0.776520721,2.465622235,0,0.603419733,0,2.956136092,0.977031109,1.221570806,1.221570806,0.59060819,0,3.455988145
Small,Lender,9.144349302,0.950983841,3.019580598,0.488116598,0.738991761,0,3.620299599,1.196543468,1.496024594,1.496024594,0,0,4.232454834
Small,Lender,7.02805596,0.730895926,2.320753584,0.375150889,0.567965558,0,2.782447097,0.919625243,1.149796909,1.149796909,0,0,3.252930136
Medium,Lender,11.1342486,0.868445376,3.959491511,1.188671029,0.449901776,0,3.872939522,0.971281972,1.821574088,1.821574088,0,0,4.758419817
Medium,Lender,18.38480001,1.433971446,6.537887036,1.962725994,0.742874933,0,6.394972946,1.603774575,3.007771474,3.007771474,0,0,7.857072341
Medium,Lender,19.3898462,1.5123627,6.895295243,2.070022797,0.783485851,0,6.744568435,1.691448496,3.172198024,3.172198024,0,0,8.286596761
Medium,Lender,14.71343888,1.147613855,5.232300662,1.570778519,0.59452618,0,5.117925867,1.283508069,2.407133159,2.407133159,0,0,6.288050648
Small,Borrower,7.828364205,0.81412549,2.585025559,0,0.632641696,0,3.099293657,1.024346046,1.28072813,1.28072813,0.619209725,0,3.623352174
Large,Lender,35.84703539,1.863990004,10.9265978,9.567401891,1.44847178,0,5.643374888,1.5635352,5.131534153,5.131534153,0,0,9.843247268
Large,Lender,29.96124359,1.557937998,9.132539268,7.996512278,1.210644489,0,4.716778608,1.306815431,4.288977961,4.288977961,0,0,8.227066086
Large,Lender,34.75445553,1.807177553,10.59356662,9.275797566,1.404323887,0,5.471370769,1.515880295,4.9751304,4.9751304,0,0,9.543235466
Large,Lender,30.51292553,1.5866246,9.300698409,8.143753543,1.232936311,0,4.803629528,1.330878066,4.367951708,4.367951708,0,0,8.378552581
Large,Borrower,38.99374846,2.027614182,11.88575294,0,1.57562107,0,6.138759829,1.70078495,5.581988853,5.581988853,15.42168173,0,10.70730407
Large,Borrower,33.09752594,1.721019795,10.088515,0,1.337372304,0,5.210521447,1.443610225,4.737939494,4.737939494,13.08977801,0,9.088258714
Medium,Borrower,14.83582658,1.15715981,5.275823409,0,0.599471502,0,5.160497234,1.294184405,2.427155909,2.427155909,2.346975141,0,6.340355218
Medium,Lender,11.71701621,0.913899888,4.166731665,1.250886181,0.473449677,0,4.075649537,1.022118961,1.916915446,1.916915446,0,0,5.007475953
Large,Lender,30.83620645,1.603434704,9.399238234,8.230035671,1.245999128,0,4.854523428,1.344978565,4.414229652,4.414229652,0,0,8.467322377
Medium,Lender,18.55256411,1.447056654,6.597546249,1.980636167,0.749653779,0,6.453328046,1.618409261,3.035217846,3.035217846,0,0,7.928769321
Large,Lender,25.41653316,1.321620135,7.7472581,6.78355085,1.027006296,0,4.001307874,1.108589422,3.638398727,3.638398727,0,0,6.979132802
Small,Lender,8.065143471,0.838749796,2.663213088,0.430509625,0.651776784,0,3.193035907,1.055328752,1.319465452,1.319465452,0,0,3.732945269
Medium,Borrower,13.11987198,1.023319361,4.665606419,0,0.530134894,0,4.563619203,1.144495294,2.146424038,2.146424038,2.07551721,0,5.6070114
Large,Borrower,36.46901338,1.896331891,11.116184,0,1.473604055,0,5.741292468,1.590663928,5.22057084,5.22057084,14.42317139,0,10.01403637
Large,Borrower,33.10115404,1.721208451,10.08962089,0,1.337518905,0,5.211092617,1.443768472,4.73845886,4.73845886,13.09121289,0,9.089254956
Medium,Borrower,14.33298441,1.117939296,5.097005835,0,0.579153149,0,4.9855885,1.250319609,2.344890432,2.344890432,2.267427293,0,6.125456642
Small,Borrower,9.929074218,1.032592787,3.278706759,0,0.802408548,0,3.93097663,1.299225183,1.624406367,1.624406367,0.785372161,0,4.59566414
Small,Lender,9.151717113,0.95175007,3.022013543,0.488509885,0.739587184,0,3.623216556,1.19750755,1.497229975,1.497229975,0,0,4.235865019
Large,Borrower,32.31838737,1.680505803,9.851024402,0,1.305889638,0,5.087862182,1.409626646,4.626405134,4.626405134,12.78163561,0,8.874314841
Large,Bidirectional,47.13441274,2.450916045,14.36712311,5.072863767,1.904561032,0,7.42033918,2.055855181,6.747331993,6.747331993,8.552050657,0,12.94265131
Large,Lender,37.641456,1.957297081,11.4735583,10.04632415,1.520978965,0,5.925869328,1.641802196,5.388407017,5.388407017,0,0,10.33597772
Large,Lender,34.36314535,1.786830033,10.47429067,9.171358754,1.38851221,0,5.409767068,1.498812573,4.919114009,4.919114009,0,0,9.435785496
Large,Borrower,47.8908106,2.490247556,14.59768207,0,1.935124814,0,7.539418392,2.088846883,6.855611002,6.855611002,18.94039091,0,13.1503508
Large,Lender,25.66094008,1.334328914,7.821756204,6.848781887,1.03688205,0,4.039784693,1.119249685,3.67338579,3.67338579,0,0,7.046244567
Large,Borrower,28.85893341,1.500619586,8.796542167,0,1.166103422,0,4.543242651,1.258736119,4.131181304,4.131181304,11.41345225,0,7.924382432
Large,Lender,25.66383297,1.33447934,7.822637991,6.849553985,1.036998944,0,4.040240119,1.119375864,3.67379991,3.67379991,0,0,7.047038926
Large,Lender,37.69880096,1.960278929,11.49103772,10.06162925,1.523296104,0,5.934897107,1.644303403,5.396615998,5.396615998,0,0,10.35172408
Small,Borrower,9.859048108,1.02531029,3.255583246,0,0.796749455,0,3.903252897,1.290062226,1.612950026,1.612950026,0.77983322,0,4.56325261
Large,Lender,32.08747708,1.668498828,9.780640232,8.563993803,1.296559242,0,5.05151013,1.399555064,4.593350126,4.593350126,0,0,8.810909123
Large,Borrower,37.12307499,1.930342076,11.31554967,0,1.500032734,0,5.844260951,1.619192043,5.314200326,5.314200326,14.68184696,0,10.19363533
Large,Borrower,26.7289768,1.38986516,8.147306352,0,1.080038229,0,4.207925002,1.165834096,3.826276172,3.826276172,10.5710733,0,7.339517063
Medium,Lender,12.37249343,0.96502558,4.399828356,1.320863673,0.499935556,0,4.303650881,1.07929868,2.024152168,2.024152168,0,0,5.287605841
Large,Lender,26.00762856,1.352356175,7.927430929,6.941311381,1.050890698,0,4.09436363,1.134371149,3.723014547,3.723014547,0,0,7.141441852
Medium,Borrower,18.92221209,1.475888332,6.72899814,0,0.764590152,0,6.581906482,1.650655031,3.095692621,3.095692621,2.993426834,0,8.08674498
Large,Borrower,35.01657372,1.820807291,10.67346332,0,1.414915301,0,5.512635861,1.527313068,5.012652846,5.012652846,13.84874439,0,9.615210571
Large,Lender,38.48964115,2.001401388,11.7320951,10.2727007,1.555251597,0,6.059398551,1.678797371,5.509825456,5.509825456,0,0,10.56888111
Large,Bidirectional,37.63074391,1.956740069,11.47029313,3.133635349,1.520546121,0,5.924182931,1.641334969,5.386873572,5.386873572,9.450275332,0,10.33303628
Large,Lender,45.40423654,2.360949577,13.83974506,12.11817306,1.834649772,0,7.147958694,1.980390325,6.499655772,6.499655772,0,0,12.46756175
Medium,Borrower,12.72556088,0.992564016,4.525383983,0,0.514201959,0,4.426461941,1.110098069,2.081914352,2.081914352,2.013138593,0,5.438495515
Medium,Lender,12.3922976,0.966570259,4.406870988,1.322977928,0.500735784,0,4.310539566,1.081026271,2.027392149,2.027392149,0,0,5.296069504
Large,Lender,37.8528338,1.968288397,11.53798874,10.10273987,1.529520111,0,5.959146394,1.651021832,5.418665931,5.418665931,0,0,10.39402
Large,Lender,23.37748071,1.215592584,7.125730944,6.239337528,0.944614268,0,3.680301206,1.019652353,3.346506604,3.346506604,0,0,6.419228833
Large,Lender,36.68339904,1.907479611,11.18153128,9.790623342,1.482266741,0,5.775043061,1.600014758,5.251260334,5.251260334,0,0,10.07290459
Medium,Bidirectional,14.8589209,1.158961113,5.284036066,0.147507412,0.600404674,0,5.168530368,1.296199008,2.430934162,2.430934162,0.199396388,0,6.350224988
Large,Bidirectional,31.91331117,1.659442472,9.727552413,2.102707918,1.289521717,0,5.024091306,1.391958493,4.568418125,4.568418125,2.531595477,0,8.763084856
Large,Lender,28.19669553,1.466184248,8.594684275,7.52556286,1.139344365,0,4.438986983,1.229851381,4.036381378,4.036381378,0,0,7.74253835
Small,Borrower,11.82093027,1.229339923,3.903421722,0,0.955297069,0,4.67997314,1.546775657,1.933915889,1.933915889,0.93501462,0,5.471308216
Large,Borrower,33.56838201,1.745503578,10.23203746,0,1.356398194,0,5.284648005,1.46414749,4.805342949,4.805342949,13.27599741,0,9.217551213
Large,Lender,25.14146519,1.307317029,7.66341415,6.710136529,1.01589162,0,3.958004107,1.096591821,3.59902251,3.59902251,0,0,6.903601814
Large,Borrower,43.22259959,2.247507854,13.17475648,0,1.74649633,0,6.804505044,1.885234167,6.187352554,6.187352554,17.09415485,0,11.86850546
Large,Lender,13.06975539,0.679606923,3.983815089,3.488255056,0.528109832,0,2.057562879,0.570061719,1.8709468,1.8709468,0,0,3.588827713
Large,Borrower,31.92803796,1.660208242,9.732041313,0,1.290116783,0,5.026409735,1.392600829,4.570526278,4.570526278,12.62725588,0,8.76712869
Large,Bidirectional,31.19627802,1.622157865,9.508992281,5.716779879,1.260548546,0,4.911209255,1.360683757,4.465774209,4.465774209,2.891217295,0,8.566194528
Medium,Bidirectional,13.58660632,1.059723549,4.831583551,0.321317044,0.548994237,0,4.72596818,1.185210269,2.222782238,2.222782238,0.749465445,0,5.806478649
Large,Lender,30.04375248,1.562228332,9.157688946,8.018533504,1.213978427,0,4.729767927,1.310414209,4.300789179,4.300789179,0,0,8.249722223
Large,Lender,43.06465342,2.239294899,13.12661263,11.49374954,1.740114197,0,6.779639683,1.87834505,6.164742423,6.164742423,0,0,11.82513498
Large,Borrower,40.3015832,2.095619552,12.28439634,0,1.62846677,0,6.34465138,1.757828597,5.769206528,5.769206528,15.93891877,0,11.06642277
Large,Borrower,38.83715162,2.01947139,11.83802038,0,1.569293458,0,6.114106892,1.693954687,5.55957188,5.55957188,15.35974907,0,10.6643041
Large,Bidirectional,24.16003688,1.256284286,7.364263264,1.229920104,0.976235029,0,3.803498502,1.053784997,3.458530198,3.458530198,0.088382642,0,6.634111146
Large,Lender,28.51350817,1.482658012,8.691252492,7.610118634,1.152145819,0,4.488862586,1.243669754,4.081733382,4.081733382,0,0,7.82953202
Large,Bidirectional,28.7377008,1.494315679,8.759589041,1.401556462,1.161204774,0,4.524157082,1.253448333,4.113826751,4.113826751,5.831825387,0,7.891093135
Large,Lender,41.82490451,2.174829887,12.74872258,11.1628665,1.690019641,0,6.584466839,1.824271093,5.987271293,5.987271293,0,0,11.48471199
Medium,Lender,14.02566682,1.093969242,4.987719487,1.497353294,0.566735362,0,4.878691083,1.223511152,2.294612971,2.294612971,0,0,5.994118989
Large,Borrower,35.29045572,1.835048728,10.75694577,0,1.425982056,0,5.555752921,1.539258941,5.051859291,5.051859291,13.95706229,0,9.690415903
Large,Lender,27.12810078,1.410618985,8.268964032,7.240360043,1.096165638,0,4.270758823,1.183242631,3.883411114,3.883411114,0,0,7.449112624
Small,Lender,9.230145736,0.959906402,3.047911673,0.492696329,0.745925317,0,3.654266892,1.207769982,1.510060976,1.510060976,0,0,4.272165645
Large,Borrower,34.86302148,1.812822814,10.62665879,0,1.408710713,0,5.488462235,1.520615601,4.99067171,4.99067171,13.78801584,0,9.57304662
Large,Borrower,26.52121887,1.379062071,8.083979292,0,1.07164335,0,4.175217809,1.156772347,3.796535444,3.796535444,10.48890688,0,7.282468755
Large,Lender,31.18411133,1.621525216,9.505283732,8.322889816,1.260056927,0,4.909293862,1.360153084,4.464032537,4.464032537,0,0,8.562853674
Large,Borrower,28.97876354,1.506850566,8.833067797,0,1.1709454,0,4.562107428,1.263962733,4.14833509,4.14833509,11.460844,0,7.957286618
Large,Borrower,38.51932185,2.002944738,11.74114213,0,1.556450905,0,6.064071164,1.68009195,5.514074273,5.514074273,15.23405021,0,10.57703114
Medium,Lender,22.18388061,1.730290856,7.888892201,2.368308553,0.896384448,0,7.716445989,1.935182524,3.629304819,3.629304819,0,0,9.480677224
Medium,Borrower,11.84475084,0.923862891,4.212155854,0,0.478611053,0,4.120080781,1.033261729,1.937812959,1.937812959,1.873797569,0,5.062065629
Medium,Borrower,9.412574595,0.734158827,3.347240621,0,0.380334065,0,3.274072051,0.821093937,1.539906517,1.539906517,1.489035914,0,4.022631709
Medium,Borrower,21.67928786,1.690933801,7.709452099,0,0.87599536,0,7.540928335,1.891165019,3.546752946,3.546752946,3.429586441,0,9.265030509
Small,Lender,7.466479783,0.776490638,2.465526714,0.398553532,0.603396356,0,2.956021568,0.976993258,1.221523481,1.221523481,0,0,3.455854255
Large,Lender,27.62176623,1.43628882,8.419439066,7.372116986,1.116113187,0,4.348476247,1.204774769,3.954079751,3.954079751,0,0,7.584668357
Medium,Lender,15.19619625,1.185267803,5.403975806,1.622316771,0.614032965,0,5.2858483,1.325620793,2.486112743,2.486112743,0,0,6.494365626
Large,Lender,45.15876422,2.348185399,13.76492222,12.05265768,1.824730968,0,7.109314151,1.969683592,6.464516197,6.464516197,0,0,12.40015744
Large,Lender,28.58611794,1.486433606,8.713384803,7.629497834,1.155079763,0,4.500293493,1.246836765,4.092127533,4.092127533,0,0,7.849469956
Large,Borrower,32.95357508,1.713534575,10.04463708,0,1.331555679,0,5.18785936,1.437331541,4.717332805,4.717332805,13.03284672,0,9.048731209
Large,Borrower,32.18860792,1.673757474,9.811466099,0,1.300645638,0,5.067431089,1.403966073,4.607827093,4.607827093,12.73030899,0,8.838678666
Medium,Borrower,16.81818274,1.31177896,5.980776449,0,0.679572602,0,5.850040445,1.467112716,2.751471339,2.751471339,2.660576855,0,7.187550497
Medium,Lender,11.81939076,0.921884864,4.203137461,1.261815493,0.477586327,0,4.111259525,1.031049474,1.933664024,1.933664024,0,0,5.051227546
Large,Borrower,33.2022208,1.726463765,10.12042722,0,1.341602711,0,5.22700349,1.448176687,4.752926654,4.752926654,13.1311839,0,9.117006905
Small,Lender,11.38045081,1.183531432,3.757969795,0.607477553,0.919700146,0,4.505584831,1.489138662,1.861853014,1.861853014,0,0,5.267432647
Large,Borrower,31.79777328,1.653434682,9.692335108,0,1.284853176,0,5.005902254,1.386919093,4.551878777,4.551878777,12.57573736,0,8.731359277
Small,Lender,6.288210327,0.653954285,2.076447134,0.335658638,0.508175647,0,2.489538027,0.822816008,1.028757432,1.028757432,0,0,2.910493171
Large,Lender,32.3181347,1.680492665,9.850947384,8.625555214,1.305879429,0,5.087822404,1.409615625,4.626368963,4.626368963,0,0,8.87424546
Large,Borrower,23.00605421,1.196278984,7.012515779,0,0.929606031,0,3.621827779,1.003451894,3.293336579,3.293336579,9.098690428,0,6.317238727
Large,Borrower,21.368173,1.111111712,6.513270331,0,0.863424137,0,3.363977232,0.932012655,3.058872465,3.058872465,8.450922934,0,5.867492477
Medium,Bidirectional,14.56380633,1.135942866,5.179089276,0.889094458,0.588479975,0,5.065877648,1.270455065,2.382653126,2.382653126,1.039359716,0,6.224102508
Large,Lender,23.49169227,1.221531407,7.16054397,6.269820046,0.949229217,0,3.698281456,1.024633903,3.362856088,3.362856088,0,0,6.450590216
Large,Borrower,35.23354491,1.832089455,10.73959869,0,1.42368246,0,5.546793491,1.53677667,5.04371246,5.04371246,13.93455457,0,9.67478875
Medium,Borrower,13.66134757,1.065553192,4.858162564,0,0.552014308,0,4.751966192,1.191730227,2.23500998,2.23500998,2.161176728,0,5.838420655
Large,Bidirectional,32.1748632,1.67304277,9.807276546,3.58644955,1.300090255,0,5.065267267,1.403366572,4.605859524,4.605859524,0.176633757,0,8.834904499
Large,Lender,44.02223039,2.28908741,13.41849334,11.74932224,1.778807026,0,6.930390388,1.920111553,6.301820395,6.301820395,0,0,12.0880763
Large,Bidirectional,23.41818648,1.21770922,7.138138541,3.268531436,0.946259067,0,3.686709488,1.021427811,3.35233367,3.35233367,4.388907615,0,6.430406241
Small,Borrower,7.974098136,0.829281365,2.633148759,0,0.644419043,0,3.156990544,1.043415417,1.304570345,1.304570345,0.63073702,0,3.690805008
Large,Borrower,39.62438365,2.06040623,12.07797796,0,1.601103156,0,6.238040306,1.728291278,5.672264826,5.672264826,15.67109235,0,10.88047036
Large,Borrower,39.60085375,2.059182712,12.07080577,0,1.600152383,0,6.23433601,1.727264978,5.668896501,5.668896501,15.66178649,0,10.87400928
Large,Borrower,42.81279555,2.226198683,13.04984339,0,1.729937372,0,6.739989867,1.867359801,6.128688751,6.128688751,16.93208099,0,11.75597726
Large,Lender,27.24546107,1.416721537,8.304736828,7.271682941,1.100907817,0,4.289234775,1.188361519,3.900211341,3.900211341,0,0,7.481338618
Large,Lender,27.32675571,1.420948732,8.32951639,7.293380091,1.104192691,0,4.302032936,1.191907336,3.911848739,3.911848739,0,0,7.503661336
Medium,Lender,13.51801474,1.054373566,4.807191444,1.443157331,0.546222656,0,4.702109269,1.17922677,2.211560588,2.211560588,0,0,5.777164812
Medium,Lender,14.21961937,1.109097088,5.056691675,1.518059296,0.574572406,0,4.946155582,1.240430355,2.3263438,2.3263438,0,0,6.077008072
Large,Lender,27.16611591,1.412595713,8.280551493,7.250506101,1.097701716,0,4.276743521,1.184900732,3.888853014,3.888853014,0,0,7.459551211
Large,Lender,40.2151294,2.091124089,12.2580442,10.73322524,1.62497343,0,6.331041016,1.754057754,5.756830592,5.756830592,0,0,11.0426834
Medium,Lender,18.25429263,1.423792175,6.49147682,1.948793276,0.737601518,0,6.349577228,1.592389929,2.986420337,2.986420337,0,0,7.801297681
Small,Borrower,11.00931092,1.144934039,3.635414674,0,0.889706834,0,4.358648448,1.440574789,1.80113416,1.80113416,0.870816968,0,5.095650841
Large,Lender,35.67436287,1.855011302,10.87396519,9.521316425,1.441494599,0,5.616191169,1.556003767,5.106815933,5.106815933,0,0,9.795833075
Medium,Lender,15.49660009,1.2086986,5.51080353,1.654387309,0.626171388,0,5.390340838,1.351826139,2.535259108,2.535259108,0,0,6.622748566
Large,Borrower,19.86492532,1.032945175,6.055062768,0,0.802682382,0,3.127321953,0.866445709,2.843681259,2.843681259,7.856401809,0,5.454715286
Large,Lender,31.1725324,1.62092313,9.501754337,8.319799454,1.259589057,0,4.907470998,1.359648048,4.462375003,4.462375003,0,0,8.559674212
Medium,Lender,11.67828977,0.910879316,4.152960012,1.246751821,0.471884857,0,4.062178924,1.018740709,1.910579762,1.910579762,0,0,4.990925518
Large,Lender,26.84138685,1.395710308,8.181570257,7.163837471,1.084580384,0,4.225621641,1.170737069,3.842367767,3.842367767,0,0,7.370383769
Large,Bidirectional,27.49866799,1.429887903,8.381917275,4.139959642,1.111139154,0,4.329096973,1.19940561,3.936458132,3.936458132,10.08614505,0,7.550866777
Small,Borrower,9.004242004,0.936413118,2.973315384,0,0.727669125,0,3.564830327,1.178210346,1.473102902,1.473102902,0.712219573,0,4.167606282
Medium,Bidirectional,18.12217241,1.413487106,6.444493057,0.740591293,0.732262934,0,6.3036205,1.58086459,2.964805337,2.964805337,0.746672864,0,7.744833746
Large,Borrower,22.64990806,1.177759939,6.903958246,0,0.915215227,0,3.565759929,0.987917917,3.242353949,3.242353949,8.957837785,0,6.219444459
Large,Borrower,32.1935774,1.67401588,9.812980857,0,1.30084644,0,5.068213432,1.404182827,4.608538479,4.608538479,12.73227438,0,8.840043239
Large,Lender,28.82812816,1.499017761,8.787152365,7.694089202,1.164858674,0,4.538393002,1.257392491,4.126771506,4.126771506,0,0,7.91592361
Medium,Lender,17.22260582,1.343323015,6.124594842,1.838652371,0.695914132,0,5.990715059,1.502392047,2.817635354,2.817635354,0,0,7.360387916
Medium,Lender,13.43721076,1.048071044,4.77845644,1.434530853,0.542957608,0,4.674002394,1.172177938,2.198340976,2.198340976,0,0,5.742631789
Small,Lender,7.578030685,0.788091584,2.502362243,0.404508012,0.612411234,0,3.000185201,0.991589759,1.239773319,1.239773319,0,0,3.507485502
Large,Lender,25.13952468,1.307216126,7.662822661,6.709618616,1.015813209,0,3.957698614,1.096507182,3.598744724,3.598744724,0,0,6.903068969
Medium,Borrower,13.48161982,1.051534847,4.79424891,0,0.544752046,0,4.68944965,1.176051905,2.205606342,2.205606342,2.132744435,0,5.761610793
Large,Bidirectional,33.68856958,1.751753144,10.26867205,8.916418632,1.361254615,0,5.303569055,1.469389694,4.822547904,4.822547904,13.23912108,0,9.250553551
Large,Lender,39.75651389,2.067276797,12.11825281,10.61082296,1.606442146,0,6.258841482,1.734054385,5.691179385,5.691179385,0,0,10.91675204
Large,Lender,23.78012545,1.236529483,7.248461794,6.346801479,0.960883941,0,3.743689299,1.037214453,3.404145548,3.404145548,0,0,6.529791162
Large,Borrower,29.0450397,1.510296823,8.853269551,0,1.173623422,0,4.57254124,1.266853492,4.157822581,4.157822581,11.48705564,0,7.975485409
Large,Lender,28.00874007,1.456410856,8.53739324,7.475398448,1.131749645,0,4.40939728,1.221653354,4.009475391,4.009475391,0,0,7.690927608
Large,Lender,31.86316798,1.656835104,9.712268181,8.504126779,1.287495581,0,5.016197297,1.389771404,4.561240084,4.561240084,0,0,8.749316025
Large,Lender,32.90796273,1.711162804,10.0307339,8.782977488,1.32971262,0,5.180678637,1.435342073,4.710803356,4.710803356,0,0,9.0362065
Medium,Lender,17.918702,1.39761689,6.37213619,1.912966264,0.724041302,0,6.232845309,1.563115109,2.931517378,2.931517378,0,0,7.657877038
Large,Lender,27.10715622,1.409529901,8.262579884,7.234770041,1.095319331,0,4.267461535,1.182329095,3.880412882,3.880412882,0,0,7.443361452
Medium,Lender,16.98466971,1.324764554,6.039981496,1.813250768,0.686299843,0,5.907951307,1.481635993,2.77870877,2.77870877,0,0,7.258701671
Medium,Lender,15.7226766,1.22633204,5.59119944,1.678522804,0.635306466,0,5.468979344,1.371547635,2.57224545,2.57224545,0,0,6.719366399
Large,Lender,29.50542966,1.534236384,8.993601823,7.874857725,1.192226407,0,4.645020125,1.286934257,4.223727802,4.223727802,0,0,8.101904013
Large,Lender,19.82435409,1.030835534,6.04269618,5.291025067,0.801043019,0,3.120934851,0.864676119,2.837873452,2.837873452,0,0,5.443574821
Medium,Borrower,11.45832194,0.89372234,4.074736436,0,0.462996613,0,3.985665265,0.999552096,1.874592808,1.874592808,1.812665888,0,4.896918342
Large,Lender,28.64723133,1.489611407,8.732012882,7.645808703,1.157549173,0,4.509914533,1.249502339,4.100875967,4.100875967,0,0,7.866251098
Large,Borrower,29.4757257,1.532691824,8.984547707,0,1.191026159,0,4.64034385,1.285638664,4.219475655,4.219475655,11.65738813,0,8.093747595
Large,Lender,32.44776378,1.687233175,9.890459853,8.660152596,1.311117353,0,5.108229824,1.415269639,4.644925479,4.644925479,0,0,8.909840346
Small,Lender,5.155462835,0.536152074,1.702399486,0.275193663,0.416633752,0,2.04107689,0.674595335,0.843438821,0.843438821,0,0,2.386201891
Large,Borrower,20.65931812,1.074252363,6.297203032,0,0.834781425,0,3.252382681,0.90109463,2.957399276,2.957399276,8.170577116,0,5.672847822
Large,Lender,39.98132151,2.078966443,12.18677681,10.67082304,1.615525951,0,6.294232796,1.743859788,5.723360791,5.723360791,0,0,10.97848203
Small,Lender,7.480996774,0.778000359,2.470320409,0.399328435,0.604569533,0,2.961768927,0.978892814,1.223898475,1.223898475,0,0,3.462573433
Small,Borrower,11.71261608,1.218075585,3.867654997,0,0.946543762,0,4.63709094,1.532602682,1.916195581,1.916195581,0.926447159,0,5.42117508
Medium,Borrower,17.42965275,1.359472191,6.198223568,0,0.70428028,0,6.062734307,1.520453521,2.851508436,2.851508436,2.75730924,0,7.448873113
Large,Lender,28.18335507,1.465490564,8.590617945,7.522002354,1.138805316,0,4.436886803,1.229269512,4.034471679,4.034471679,0,0,7.738875189
Large,Lender,38.9270382,2.024145353,11.86541887,10.38943988,1.572925507,0,6.128257678,1.697875258,5.572439222,5.572439222,0,0,10.68898608
Large,Lender,27.17916332,1.413274158,8.284528497,7.253988392,1.098228923,0,4.278797566,1.185469819,3.890720762,3.890720762,0,0,7.463133903
Medium,Lender,18.46753398,1.440424502,6.567308369,1.971558514,0.746217965,0,6.423751147,1.610991766,3.021306833,3.021306833,0,0,7.892430178
Small,Borrower,6.864397513,0.713875957,2.266711481,0,0.554739658,0,2.717653792,0.89821044,1.123022225,1.123022225,0.542961669,0,3.177180953
Medium,Borrower,12.61718615,0.984111041,4.486844444,0,0.50982286,0,4.388764852,1.100644138,2.06418414,2.06418414,1.995994095,0,5.392179642
Medium,Borrower,19.81574902,1.545582125,7.046752128,0,0.800695314,0,6.892714568,1.728601585,3.241876147,3.241876147,3.134781207,0,8.468613932
Medium,Lender,13.7874021,1.075385151,4.902989286,1.471916609,0.557107796,0,4.79581303,1.202726433,2.255632627,2.255632627,0,0,5.89229231
Small,Lender,6.490148165,0.674955191,2.14312958,0.346437886,0.524495059,0,2.569486359,0.849239693,1.061794662,1.061794662,0,0,3.003959939
Large,Borrower,24.4667697,1.272233914,7.457759033,0,0.988629187,0,3.851787245,1.06716372,3.502439266,3.502439266,9.676390451,0,6.718336994
Large,Borrower,35.37441588,1.839414526,10.78253782,0,1.429374635,0,5.568970713,1.54292102,5.063878261,5.063878261,13.99026779,0,9.713470547
Large,Lender,33.11155986,1.721749537,10.0927927,8.837316587,1.337939373,0,5.212730799,1.444222341,4.739948462,4.739948462,0,0,9.092112293
Large,Borrower,28.83769928,1.499515444,8.790069752,0,1.165245414,0,4.539899775,1.257809953,4.128141619,4.128141619,11.40505434,0,7.918551744
Large,Lender,26.17664014,1.361144514,7.978947645,6.98641976,1.057719952,0,4.120971009,1.141742904,3.7472087,3.7472087,0,0,7.187850787
Large,Lender,34.72593361,1.805694458,10.5848728,9.268185202,1.403171401,0,5.466880582,1.514636258,4.971047463,4.971047463,0,0,9.535403624
Large,Lender,37.71287887,1.961010959,11.49532883,10.06538657,1.52386495,0,5.937113383,1.644917438,5.398631262,5.398631262,0,0,10.35558974
Large,Borrower,42.74559927,2.22270458,13.02936117,0,1.72722217,0,6.729411201,1.864428909,6.119069545,6.119069545,16.90550546,0,11.73752581
Large,Lender,34.65965669,1.802248161,10.56467081,9.250496209,1.400493348,0,5.456446651,1.511745467,4.961559864,4.961559864,0,0,9.517204626
Medium,Borrower,16.7971792,1.310140732,5.973307302,0,0.678723911,0,5.842734569,1.465280499,2.748035139,2.748035139,2.657254169,0,7.178574259
Large,Lender,37.55089487,1.952588043,11.4459542,10.02215382,1.51731966,0,5.911612351,1.637852204,5.375443113,5.375443113,0,0,10.31111051
Medium,Borrower,4.710335452,0.36739516,1.67505989,0,0.190330606,0,1.638444137,0.410900104,0.770615541,0.770615541,0.745158361,0,2.013045906
Large,Lender,41.33651062,2.149434165,12.59985438,11.03251651,1.670285101,0,6.507579314,1.802968884,5.917357284,5.917357284,0,0,11.35060377
Small,Lender,9.040499907,0.940183827,2.985288205,0.482573217,0.730599273,0,3.579185036,1.182954714,1.47903473,1.47903473,0,0,4.184388224
Large,Borrower,24.91889112,1.295743524,7.595570958,0,1.006898065,0,3.92296442,1.086883838,3.567160839,3.567160839,9.855200465,0,6.84248514
Large,Lender,31.91057756,1.659300328,9.726719177,8.516780168,1.28941126,0,5.023660955,1.391839261,4.568026806,4.568026806,0,0,8.762334233
Large,Borrower,31.88552398,1.657997581,9.719082552,0,1.28839892,0,5.019716787,1.390746503,4.564440365,4.564440365,12.61044198,0,8.755454765
Large,Borrower,36.26579911,1.885765065,11.05424191,0,1.465392773,0,5.709300581,1.581800359,5.191480542,5.191480542,14.34280195,0,9.958235712
Large,Lender,28.2749113,1.470251346,8.618525362,7.546438274,1.142504831,0,4.45130044,1.233262908,4.047578034,4.047578034,0,0,7.764015641
Medium,Borrower,14.78723093,1.153369463,5.258542128,0,0.597507896,0,5.143593712,1.289945225,2.419205612,2.419205612,2.339287481,0,6.319586999
Large,Borrower,38.78513091,2.016766395,11.82216386,0,1.567191457,0,6.105917307,1.691685707,5.55212507,5.55212507,15.33917534,0,10.65001972
Large,Borrower,33.57535854,1.745866346,10.23416399,0,1.356680094,0,5.285746315,1.464451784,4.806341645,4.806341645,13.27875657,0,9.219466899
Medium,Borrower,22.12988147,1.72607905,7.869689367,0,0.894202504,0,7.697662917,1.930471978,3.620470506,3.620470506,3.500868752,0,9.457599729
Medium,Bidirectional,16.39801524,1.279006876,5.831359123,1.50778731,0.662594886,0,5.703889288,1.43045994,2.68273152,2.68273152,2.079883153,0,7.007984418
Medium,Bidirectional,15.89059934,1.239429622,5.65091507,1.512667873,0.642091723,0,5.527389628,1.386196161,2.599717776,2.599717776,2.265044123,0,6.791131179
Large,Lender,35.31063693,1.83609812,10.76309724,9.424239715,1.426797518,0,5.558930036,1.540139182,5.054748249,5.054748249,0,0,9.695957468
Large,Borrower,46.33231057,2.409207982,14.12263294,0,1.872150476,0,7.294064771,2.020870002,6.632510374,6.632510374,18.32401797,0,12.72240185
Large,Borrower,16.0057458,0.832273851,4.878739482,0,0.646744448,0,2.519773893,0.698120408,2.29123637,2.29123637,6.33013053,0,4.395022125
Large,Borrower,17.83143824,0.927207014,5.435232001,0,0.720515234,0,2.807191437,0.777751383,2.552585823,2.552585823,7.052175701,0,4.896339512
Small,Lender,7.898316474,0.821400308,2.608124689,0.42160456,0.638294821,0,3.126988156,1.033499342,1.29217239,1.29217239,0,0,3.655729526
Large,Lender,21.15316773,1.099931773,6.447734199,5.645679057,0.854736415,0,3.330129096,0.9226348,3.028094275,3.028094275,0,0,5.808454122
Medium,Lender,12.00704934,0.936521795,4.269871423,1.281849562,0.485169051,0,4.176534725,1.047419631,1.964365152,1.964365152,0,0,5.131426786
Medium,Lender,10.35410738,0.807596184,3.682062593,1.105384648,0.418378596,0,3.601575025,0.903227348,1.693942213,1.693942213,0,0,4.425012546
Medium,Lender,14.89058399,1.16143076,5.295295895,1.589690192,0.601684085,0,5.179544064,1.298961098,2.436114275,2.436114275,0,0,6.363756774
Large,Lender,46.77011977,2.431973378,14.25608233,12.48272075,1.88984104,0,7.362988781,2.039965865,6.695183139,6.695183139,0,0,12.84262
Large,Lender,37.58247188,1.954229998,11.45557924,10.03058157,1.518595592,0,5.916583497,1.639229494,5.379963389,5.379963389,0,0,10.31978125
Large,Bidirectional,44.6163648,2.319981474,13.5995925,3.199170828,1.802814225,0,7.023924571,1.946025832,6.38687125,6.38687125,3.218463698,0,12.25121983
Medium,Borrower,18.54130913,1.446178791,6.593543823,0,0.749198999,0,6.449413111,1.617427447,3.03337652,3.03337652,2.933169336,0,7.923959303
Medium,Lender,14.12000223,1.101327184,5.021266453,1.507424362,0.570547175,0,4.911504733,1.231740381,2.310046337,2.310046337,0,0,6.03443491
Small,Borrower,5.686453858,0.591373487,1.877739484,0,0.459545279,0,2.251299239,0.744075822,0.930309478,0.930309478,0.449788415,0,2.631970666
Small,Lender,12.07461316,1.255722153,3.987191041,0.644531273,0.975798206,0,4.780407629,1.579970212,1.97541866,1.97541866,0,0,5.588725139
Small,Lender,9.282957511,0.965398662,3.065350794,0.495515371,0.75019325,0,3.675175372,1.214680433,1.518701034,1.518701034,0,0,4.296609534
Small,Lender,8.30565579,0.863762328,2.742633319,0.443347942,0.671213555,0,3.288256095,1.08679993,1.358813506,1.358813506,0,0,3.844266206
Small,Borrower,9.429941732,0.980684564,3.113886855,0,0.762071638,0,3.733367256,1.233913405,1.542747798,1.542747798,0.745891667,0,4.364641064
Small,Lender,10.4413098,1.085863692,3.447853473,0.557347106,0.843804372,0,4.133773596,1.36625151,1.708208616,1.708208616,0,0,4.832751975
Small,Lender,9.993630189,1.039306407,3.300023963,0.533450397,0.807625576,0,3.956534704,1.30767237,1.634967788,1.634967788,0,0,4.62554382
Small,Lender,8.912627059,0.926885449,2.943062962,0.475747487,0.720265352,0,3.528559452,1.166222477,1.458114606,1.458114606,0,0,4.125202377
Small,Borrower,9.283980361,0.965505036,3.065688552,0,0.750275911,0,3.675580325,1.214814274,1.518868374,1.518868374,0.734346381,0,4.297082959
Small,Lender,11.32882291,1.178162291,3.740921605,0.604721705,0.915527887,0,4.485145054,1.482383121,1.853406638,1.853406638,0,0,5.243536715
Small,Bidirectional,6.904186488,0.718013887,2.279850307,0.299239718,0.557955166,0,2.733406473,0.90341685,1.129531741,1.129531741,0.460017169,0,3.195597249
Small,Borrower,8.309692553,0.864182139,2.743966309,0,0.671539782,0,3.289854272,1.087328143,1.359473924,1.359473924,0.657281943,0,3.846134618
